run,n_folds,time,low_rmse_os,avg_rmse_os,up_rmse_os,low_rmse_pfs,avg_rmse_pfs,up_rmse_pfs,low_f1_recurrency,avg_f1_recurrency,up_f1_recurrency,low_f1_mgmt,avg_f1_mgmt,up_f1_mgmt,sum_reg_avg,sum_clf_avg,sum_reg_ci_relative_width,sum_clf_ci_relative_width
ClinicalLinkageModule_E150_lr1e-04_CosineAnnealingLR_etamin5e-06_mod6,30,401.2653198242188,1.0599036828122743,1.0967974881331126,1.1339951827341557,1.0832325089780264,1.124844604730606,1.1885760349009142,0.4603232626744347,0.489023977837982,0.5137120490899322,0.3551667539397021,0.3875611541670855,0.4165795772793342,2.2216420928637186,0.8765851320050675,0.1612042055999041,0.2676338667544878
new_noFoundationClinicalLinkageModule_E150_lr1e-04_CosineAnnealingLR_etamin5e-06_mod4,30,340.85341000556946,1.1168830696731076,1.1511191169420878,1.1905400550320744,1.0878395703697394,1.1246769229571023,1.1672435826052483,0.5338058702342618,0.5485903349963173,0.5669625960564824,0.420288245601594,0.4476885280359687,0.4720890483041234,2.2757960398991903,0.996278863032286,0.1345889031240583,0.1761471022574097
old_mme_with_refinement_ClinicalLinkageModule_E150_lr1e-04_CosineAnnealingLR_etamin5e-06_mod6,30,421.0055043697357,1.0664510465672006,1.0980815211931865,1.1370254414186722,1.0630033657785312,1.0957059840361276,1.1338693050258817,0.474470406927305,0.4970090464689994,0.5161270027128826,0.3959133751422335,0.4217578190743555,0.4447914076217605,2.193787505229314,0.918766865543355,0.1289466872314733,0.1997057926482773
old_ClinicalLinkageModule_E150_lr1e-04_CosineAnnealingLR_etamin5e-06_mod6,30,368.88600158691406,1.1404788729973987,1.1744374672571818,1.2284488202668788,1.159971368816766,1.204059894879659,1.262630638227291,0.475051495678736,0.4952379951204371,0.5167421358040133,0.409840896043591,0.4355570617341722,0.4622201443520993,2.378497362136841,0.9307950568546094,0.1601648330563022,0.2044411027477415
new_ClinicalLinkageModule_E150_lr1e-04_CosineAnnealingLR_etamin5e-06_mod6,30,411.3631567955017,1.0819871839828914,1.1117765843868257,1.1530421019729202,1.059395027179311,1.0886364559332529,1.1221155927596618,0.4842815427472632,0.5005723628633209,0.5144745784750966,0.4054988460029786,0.4318810492898283,0.4508560480993352,2.200413040320078,0.9324534121531493,0.121525023961513,0.1653394661866826
new_no_refinement_ClinicalLinkageModule_E150_lr1e-04_CosineAnnealingLR_etamin5e-06_mod6,30,370.6833052635193,1.1471133165259784,1.1815176089604695,1.2222176189417853,1.1262302449087649,1.1624121149381,1.2113309531655807,0.4801243649071804,0.4975830221405746,0.5118897276020874,0.4217969716312445,0.442550556764418,0.4629571708010363,2.3439297238985697,0.9401335789049928,0.1367764061806331,0.156846094835197
new_noFoundation_ClinicalLinkageModule_E150_lr1e-04_CosineAnnealingLR_etamin5e-06_mod4,30,382.0199851989746,1.0879799352639383,1.1185356577237446,1.1520588561142429,1.0466584524863989,1.086700934171677,1.1363957917756102,0.5291623000835367,0.5467201770470641,0.5666860508986548,0.4194430138029347,0.4477498824043956,0.4704334349021752,2.2052365918954213,0.9944700594514596,0.1398659931167467,0.1825157733995043
new_no_refinement_noFoundation_ClinicalLinkageModule_E150_lr1e-04_CosineAnnealingLR_etamin5e-06_mod4,30,326.47147727012634,1.1415197263133456,1.1753731807072958,1.2174754967134664,1.08013606090547,1.122553563117981,1.1776870659592893,0.5265648668448648,0.5417737103654265,0.556672799851624,0.4580816878569981,0.4826203034725624,0.5050012703403989,2.297926743825277,1.024394013837989,0.1515236649294576,0.1527913122292206
old_noFoundation_mme_with_refinement_ClinicalLinkageModule_E150_lr1e-04_CosineAnnealingLR_etamin5e-06_mod4,30,375.75813484191895,1.1314208881205396,1.1587303241093954,1.1876397042688576,1.06967940220237,1.1006811241308847,1.1381672039293804,0.496463754856379,0.5257950772147922,0.550035804782111,0.4262602066158422,0.4576761165038517,0.4891539276861973,2.25941144824028,0.983471193718644,0.1107407106829048,0.239307411866246
old_noFoundation_ClinicalLinkageModule_E150_lr1e-04_CosineAnnealingLR_etamin5e-06_mod4,30,340.2722153663635,1.2052565287750028,1.2414203484853108,1.2953560910219624,1.10833229790772,1.1452780703703562,1.1847866891180272,0.4893485021180396,0.5158352418515615,0.5353838985209884,0.4220651841317705,0.4433186563409824,0.4642708920637293,2.386698418855667,0.9591538981925438,0.1393339855239175,0.1844483769023329
old_mme_gbt,30,42.7410774230957,0.9432152671172416,0.9814432328285622,1.021399086464854,0.9360419560653948,0.9967838667969084,1.057503220403195,0.4249723027436981,0.4683871848584751,0.5108379770260854,0.3936040642707233,0.4282068228952593,0.4651042183365814,1.9782270996254705,0.8965940077537344,0.2015152505406403,0.3502977442603537
old_mme_noFoundation_gbt,30,5.081070423126221,0.8928637116207752,0.931200859087159,0.9704332875607066,0.9910609770558028,1.0605409768791825,1.1218604930826337,0.4614817957568362,0.5032042263555611,0.5357118864600648,0.4191143221800859,0.4667303613969829,0.5074959646510696,1.9917418359663408,0.969934587752544,0.206633410842503,0.3368782274353908
new_mme_gbt,30,5.680932760238648,0.9513844272281264,0.9973965422212298,1.044315726277484,0.9633770300212394,1.0395308501237577,1.1074754410283896,0.4419372678793308,0.4915309087910723,0.5315163378061576,0.393344917062185,0.4337811184103639,0.4781542257670833,2.0369273923449875,0.925312027201436,0.2317925694015584,0.3777567967887168
new_mme_noFoundation_gbt,30,5.451032638549805,0.9158778390294318,0.9538771667005604,0.9950238310386912,0.9661112986953732,1.0336761968155277,1.096773147694662,0.4530432421355436,0.4988311950424596,0.5457853420886668,0.4194878941294931,0.4595769399489769,0.5053918182568748,1.987553363516088,0.9584081349914364,0.2093779480817128,0.3728383758328095
naive_early_fusion_gbt,30,203.830441236496,0.8467770864002214,0.9012070135553764,0.9569581534317568,0.9060192140628326,0.9555946722179344,1.006630177094503,0.4736690533295569,0.5152797585708095,0.5591650039098601,0.4138847355561424,0.4556431655233563,0.4940232285668046,1.8568016857733107,0.970922924094166,0.2275456751805772,0.3418013634737307
naive_early_fusion_nn,30,269.9432969093323,0.2723740134667437,0.3086919419039319,0.4270822685154987,0.2677056015593632,0.2902794416570554,0.3249593845376129,0.4848399940446617,0.5193453568192283,0.5630977699613734,0.4598728028292165,0.4927367386238939,0.5254964812506829,0.5989713835609873,1.0120820954431222,0.6984103925620353,0.2838674538093605
naive_early_fusion_nn_with_refinement,30,1760.882292509079,0.2911422903616185,0.3100421969206329,0.3315979757207073,0.2896886884619423,0.3080166312371025,0.3302853096037098,0.3624979333523174,0.4259386297345596,0.4842477737985255,0.3373793107739997,0.3953779092490387,0.4496319531139279,0.6180588281577355,0.8213165389835984,0.2622845440307035,0.5697512025747602
pca_early_fusion_gbt,30,42.50223994255066,0.933093271361707,0.985419854985646,1.037100935963554,0.9443517217399976,1.0028081755608902,1.0645979629648648,0.44508100784099,0.4856939727746273,0.5252873894180956,0.4378395464252475,0.4794756871883142,0.5173031209438594,1.9882280305465363,0.9651696599629416,0.2254560628434066,0.3308678354421687
umap_early_fusion_gbt,30,4.000153064727783,0.9488276092924864,1.003276043701088,1.054287404891987,0.937797561691952,0.987210415240692,1.0445528727585185,0.4549865904308453,0.4968848181839044,0.5337608326972185,0.4514240480967125,0.498010746621102,0.5520481671951583,1.99048645894178,0.9948955648050064,0.2132537885807773,0.3605883267074914
pca_early_fusion_nn,30,151.10030388832092,0.2524951781334567,0.2682871556015494,0.2830583598257145,0.2493105917728033,0.2676829967360136,0.2867622662082963,0.5088482116064643,0.5424502965042883,0.5792808022634091,0.4778796772608786,0.5054092992496712,0.5311750698048736,0.5359701523375631,1.0478595957539594,0.2538302073100555,0.2352915204585767
pca_early_fusion_nn_with_refinement,30,179.48998093605042,0.2475678976130879,0.265217036066079,0.2822313424453352,0.250416539245607,0.268636869964112,0.28720151572981,0.5121037115587469,0.5485080640568878,0.5853665986957665,0.4754199551639689,0.513834062515435,0.5494943589420652,0.533853906030191,1.0623421265723227,0.2676303821507324,0.2777277322205452
umap_early_fusion_nn,30,150.2178030014038,0.3529262421370782,0.377763879002081,0.4133558761455264,0.3812666999928922,0.4084235859870852,0.4401978463338243,0.4382611100541034,0.4860184634477009,0.5261604058251879,0.3898696407051117,0.4321952595691434,0.4675683080096705,0.7861874649891663,0.9182137230168445,0.3042559641177368,0.3606326465831881
umap_early_fusion_nn_with_refinement,30,181.06473207473755,0.461377759275879,0.5418652728065971,0.6714282650466151,0.531154695680816,0.6292968848709515,0.8123464171129003,0.3914454521064255,0.4449261611047062,0.49322220999525695,0.36157693551361797,0.4094715290330068,0.454353981529861,1.1711621576775486,0.854397690137713,0.8344781750244776,0.455327297954702
